Node,Connected to
1,"2, 7, 5, 12, 319, 407"
2,"2, 37, 4, 39"
3,"26, 6, 28"
4,"5, 317, 68, 2"
5,"25, 4, 1, 317"
6,"7, 2, 26"
7,"1, 6, 8"
8,"29, 9"
9,"20, 10, 11"
10,"9, 178"
11,"12, 10"
12,"1, 11"
13,"14, 177, 176"
14,"13, 24, 15"
15,"14, 16, 23"
16,"196, 17"
17,"46, 16"
18,"29, 43"
19,"43, 117"
20,"9, 22, 179"
21,"22, 122, 19"
22,"126, 21, 20"
23,"25, 24"
24,"14, 25, 23"
25,"5, 24, 23"
26,"35, 34, 27, 3, 36, 6"
27,"28, 31, 33, 26"
28,"131, 27, 3"
29,"18, 8"
30,"40, 41, 131"
31,"27, 30, 32"
32,"31, 33, 96"
33,"32, 34"
34,"35, 33, 26"
35,"34, 26, 36"
36,"26, 35, 37"
37,"36, 2, 39"
39,"2, 37, 93, 327"
40,"41, 30, 44, 42"
41,"425, 40, 45, 424"
42,"425, 137, 55, 114"
43,"18, 19, 44"
44,"43, 40, 116, 323"
45,"95, 41, 425"
46,"48, 47, 17"
47,"221, 49, 46"
48,"46, 218, 219, 221"
49,"47, 222, 50, 52"
50,"51, 49, 225"
51,"52, 50, 62"
52,"51, 49, 54, 53"
53,"67, 52, 54"
54,"52, 53, 70, 62"
55,"163, 42, 138"
56,"57, 138, 60"
57,"60, 144, 56"
58,"147, 148, 57"
59,
60,"57, 56, 135, 134"
61,"135, 424, 324"
62,"63, 51, 54, 70, 328"
63,"62, 225, 64, 328"
64,"63, 75, 74, 80"
65,"66, 225, 222"
66,"80, 224, 65"
67,"53, 68, 70"
68,"327, 4, 67, 69"
69,"70, 68"
70,"67, 71, 54"
71,"70, 72, 93, 328"
72,"73, 71, 328"
73,"72, 74"
74,"73, 75, 64, 77"
75,"76, 74, 64"
76,"77, 78, 417"
77,"90, 76, 412, 136"
78,"76, 79, 228"
79,"80, 226, 78"
80,"79, 64, 66"
81,"33, 325, 82"
82,"81, 326, 83"
83,"103, 84, 82, 408"
84,"83, 85, 94, 326"
85,"84, 105, 86, 88"
86,"85, 87, 92"
87,"86, 89, 88"
88,"106, 90, 105"
89,"90, 91, 87"
90,"106, 88, 89, 77"
91,"92, 72, 89"
92,"93, 86, 91"
93,"94, 92, 71, 327"
94,"93, 84, "
95,"96, 45, 324, 99"
96,"95, 97, 32"
97,"96, 98, 325"
98,"100, 408, 97"
99,"100, 95, 409"
100,"99, 101, 98"
101,"102, 103, 276, 133"
102,"101, 282, 103"
103,"102, 101, 104"
104,"103, 105, 109"
105,"104, 85, 88"
106,"107, 90, 88"
107,"108, 112, 106"
108,"111, 107, 109"
109,"104, 110, 108"
110,"109, 111, 414"
111,"108, 112, 110"
112,"111, 107, 113"
113,"414, 90, 112"
114,"115, 164, 42"
115,"114, 116, 323, 166"
116,"117, 115, 44"
117,"116, 118, 19, 167"
118,"117, 119, 21"
119,"120, 168, 128, 118"
120,"119, 121, 122"
121,"120, 122, 124, 128"
122,"120, 21, 121, 19, 118"
123,"122, 124, 21, 127"
124,"123, 127, 121, 125"
125,"126, 128, 124, 129"
126,"125, 127, 22, 329"
127,"124, 126, 22, 123"
128,"119, 169, 130"
129,"130, 125, 329"
130,"129, 170, 128"
131,"132, 28, 30"
132,"321, 131, 322, 29"
133,"147, 238, 315, 101, 409"
134,"60, 148"
135,"60, 61"
136,"412, 413, 415"
137,"40, 41, 42, 425"
138,"55, 56, 139"
139,"138, 140, 272, 149"
140,"139, 141"
141,"140, 142"
142,"141, 143"
143,"144, 145"
144,"57, 143, 147, 138"
145,"143, 146"
146,"145, 147, 237, 410"
147,"57, 133, 144, 146, 237, 410"
148,"58, 61, 134"
149,"139, 272, 150, 269, 330"
150,"149, 151, 152, 234, 330"
151,"152, 158, 265"
152,"150, 151, 153"
153,"152, 154, 155"
154,"153, 156"
155,"153, 230, 263, 264"
156,"154, 157"
157,"156, 158"
158,"151, 157, 368, 373"
159,"160, 369, 373"
160,"159, 161, 379, 383"
161,"160, 162, 265"
162,"161, 163"
163,"162, 164, 55"
164,"163, 165, 114, 115"
165,"164, 166"
166,"165, 167, 335"
167,"166, 168"
168,"167, 332, 119, 169"
169,"168, 170"
170,"169, 333, 171, 130"
171,"170, 172"
172,"171, 334, 173"
173,"172, 174"
174,"173, 175, 180"
175,"174, 181, 176"
176,"175, 177, 182"
177,"13, 176, 178"
178,"177, 179, 10"
179,"178, 180, 20"
180,"179,  174"
181,"175, 182"
182,"181, 183, 176"
183,"182, 185"
184,"186, 187, 200"
185,"183, 186"
186,"185, 184"
187,"336, 200, 197"
188,"336, 201, 190"
189,"190, 197, 193"
190,"189, 188, 191"
191,"190, 192, 203"
192,"191, 193, 206"
193,"189, 192, 194"
194,"193, 197, 209, 195"
195,"194, 197, 198"
196,"16, 198, 199"
197,"187, 194, 195, 200, 198, 189"
198,"196, 195, 197, 199"
199,"198, 196, 200"
200,"184, 197, 199"
201,"202, 188"
202,"201, 203"
203,"204, 191, 202"
204,"203, 205"
205,"206, 204, 423"
206,"205, 207, 192, 211"
207,"209, 211, 206, 208"
208,"210, 209, 207"
209,"194, 207, 193"
210,"211, 208"
211,"212, 210, 207, 206"
212,"216, 213, 215, 211"
213,"212, 423, 214"
214,"215, 422"
215,"214, 216, 212"
216,"212, 217, 215"
217,"216, 218, 318"
218,"217, 48"
219,"220, 48"
220,"219, 318, 221, 222"
221,"220, 47, 48"
222,"223, 49, 65, 220"
223,"222, 420, 224"
224,"223, 66"
225,"65, 50, 63"
226,"79, 227"
227,"226, 229"
228,"78, 229, 419"
229,"228, 227"
230,"155, 264, 263, 260, 259, 359, 358, 261, 262, 263"
231,"360, 357, 361, 356, 256, 257"
232,"349, 348"
233,"234, 240"
234,"233, 235, 242, 150"
235,"234, 330, 236, 331"
236,"235, 237"
237,"236, 238, 146"
238,"237, 133, 239"
239,"238, 241, 331"
240,"233, 241, 331"
241,"239, 240, 338, 305"
242,"243, 234"
243,"242, 244"
244,"243, 245"
245,"244, 246"
246,"245, 264, 247"
247,"246, 248, 260"
248,"247, 249, 253"
249,"248, 253, 250, 252"
250,"249, 251"
251,"250, 252"
252,"251, 249"
253,"249, 248, 254, 255"
254,"255, 253"
255,"253, 254, 258"
256,"258, 257, 361"
257,"256, 360, 259, 258"
258,"255, 257, 256"
259,"257, 260, 359, 230"
260,"259, 264, 230, 247"
261,"358, 362"
262,"230, 366, 367, 263"
263,"230, 155"
264,"230, 155, 246, 260"
265,"161, 266, 151"
266,"265, 267"
267,"266, 411, 268"
268,"267, 411, 270, 269"
269,"268, 271, 149"
270,"268, 271"
271,"270, 269, 272"
272,"271, 139, 149"
273,"133, 274"
274,"273, 275"
275,"274, 277, 279"
276,"277, 278"
277,"276, 275"
278,"276, 279"
279,"275, 279, 280"
280,"279, 297, 281"
281,"280, 282, 283"
282,"281, 102"
283,"284, 281, 300"
284,"283, 285, 289"
285,"284, 286"
286,"285, 287, 296"
287,"286, 288, 291"
288,"287, 289, 290"
289,"288, 284"
290,"288, 291, 292"
291,"290, 287"
292,"290, 293, 294"
293,"292, 295, 315"
294,"292, 315"
295,"293, 296"
296,"295, 286"
297,"280, 301, 298, 302"
298,"297, 299, 302"
299,"298, 300, 302"
300,"299, 283, 301, 302"
301,"300, 297"
302,"300, 297, 298, 299"
303,"307, 308, 238"
304,"306, 307, 309, 310"
305,"306, 311, 241"
306,"305, 307, 304"
307,"304, 309, 303, 308"
308,"303, 307, 315"
309,"307, 314, 310"
310,"309, 313"
311,"305, 312"
312,"311, 313"
313,"312, 310, 314"
314,"313, 309, 315"
315,"293, 294, 314"
316,
317,"4, 5, 68"
318,"218, 220"
319,"1, 7, 8, 12"
320,"7, 8"
321,"29, 132, 28"
322,"30, 132, 44, 18"
323,"44, 40, 42"
324,"61, 424, 95"
325,"97, 32, 33, 81"
326,"94, 35, 84, 82"
327,"39, 68, 93"
328,78
329,"129, 22, 20"
330,"235, 236, 149"
331,"240, 239"
332,168
333,"170, 171"
334,"173, 172, 171"
335,"167, 166"
336,"188, 187, 337"
337,"336, 187"
338,"241, 343, 339"
339,"338, 340, 241"
340,"339, 305"
341,"342, 340"
342,"341, 343, 344"
343,"348, 342"
344,"345, 342"
345,"346, 344"
346,"347, 345"
347,"348, 346"
348,"347, 343, 349"
349,"350, 348, 232"
350,"349, 351"
351,"352, 350"
352,"353, 351"
353,"354, 352"
354,"355, 353, 356, 256"
355,"364, 354, 365"
356,"364, 231, 357, 361"
357,"360, 231, 356, 358"
358,"261, 357, 359"
359,"358, 259, 360"
360,"357, 359, 357"
361,"231, 356, 360"
362,"261, 366, 261"
363,"365, 364, 362"
364,"355, 363, 356"
365,"363, 355, 354"
366,"395, 362, 262"
367,"372, 368, 366"
368,"158, 370, 367"
369,"159, 371, 373"
370,"373, 368, 371"
371,"370, 369, 372"
372,"376, 367, 371"
373,"159, 158, 370"
374,"379, 384, 375"
375,"374, 377, 376"
376,"375, 372, 378"
377,"378, 375"
378,"377, 376"
379,"374, 160, 382"
380,"382, 381"
381,380
382,"383, 379, 380"
383,"160, 382"
384,"374, 385"
385,"384, 397, 386"
386,"387, 385"
387,"403, 386"
388,"389, 403"
389,"390, 388"
390,"389, 406"
391,"406, 405, 392"
392,"398, 393, 405, 391"
393,"392, 394, 398"
394,"399, 395, 393"
395,"394, 366, 396"
396,"395, 384, 397"
397,"396, 385, 384"
398,"393, 401, 399"
399,"400, 394, 398, 397"
400,"402, 399"
401,"402, 398"
402,"400, 402"
403,"387, 404, 388"
404,"406, 403, 402"
405,"392, 391, 406"
406,"391, 405, 390"
407,"5, 13, 12"
408,"83, 98, 325"
409,"99, 276, 147"
410,"146, 133, 238"
411,"267, 270, 268"
412,"77, 136, 77"
413,"295, 414, 136"
414,"113, 413"
415,"416, 136"
416,"419, 415"
417,"416, 418, 76"
418,"419, 417, 78"
419,"228, 418, 416"
420,"223, 421, 229"
421,"420, 422"
422,"423, 214, 421"
423,"213, 422, 205"
424,"61, 425, 45"
425,"424, 137, 42"